CREATE DATABASE  IF NOT EXISTS `xdb` /*!40100 DEFAULT CHARACTER SET utf8 */;
USE `xdb`;
-- MySQL dump 10.13  Distrib 5.6.28, for debian-linux-gnu (x86_64)
--
-- Host: localhost    Database: xdb
-- ------------------------------------------------------
-- Server version	5.6.28-0ubuntu0.15.04.1

/*!40101 SET @OLD_CHARACTER_SET_CLIENT=@@CHARACTER_SET_CLIENT */;
/*!40101 SET @OLD_CHARACTER_SET_RESULTS=@@CHARACTER_SET_RESULTS */;
/*!40101 SET @OLD_COLLATION_CONNECTION=@@COLLATION_CONNECTION */;
/*!40101 SET NAMES utf8 */;
/*!40103 SET @OLD_TIME_ZONE=@@TIME_ZONE */;
/*!40103 SET TIME_ZONE='+00:00' */;
/*!40014 SET @OLD_UNIQUE_CHECKS=@@UNIQUE_CHECKS, UNIQUE_CHECKS=0 */;
/*!40014 SET @OLD_FOREIGN_KEY_CHECKS=@@FOREIGN_KEY_CHECKS, FOREIGN_KEY_CHECKS=0 */;
/*!40101 SET @OLD_SQL_MODE=@@SQL_MODE, SQL_MODE='NO_AUTO_VALUE_ON_ZERO' */;
/*!40111 SET @OLD_SQL_NOTES=@@SQL_NOTES, SQL_NOTES=0 */;

--
-- Table structure for table `answer`
--

DROP TABLE IF EXISTS `answer`;
/*!40101 SET @saved_cs_client     = @@character_set_client */;
/*!40101 SET character_set_client = utf8 */;
CREATE TABLE `answer` (
  `idanswer` int(11) NOT NULL AUTO_INCREMENT,
  `text` mediumtext,
  `ambient_variables` longtext,
  `time` datetime DEFAULT NULL,
  `test_has_questiont_idtest_has_question` int(11) NOT NULL,
  `idstudent` int(11) NOT NULL,
  PRIMARY KEY (`idanswer`),
  KEY `fk_answer_test_has_question1_idx` (`test_has_questiont_idtest_has_question`),
  KEY `fk_answer_2_idx` (`idstudent`),
  CONSTRAINT `fk_answer_1` FOREIGN KEY (`test_has_questiont_idtest_has_question`) REFERENCES `test_has_question` (`idtest_has_question`) ON DELETE NO ACTION ON UPDATE NO ACTION,
  CONSTRAINT `fk_answer_2` FOREIGN KEY (`idstudent`) REFERENCES `student` (`idsubject`) ON DELETE NO ACTION ON UPDATE NO ACTION
) ENGINE=InnoDB AUTO_INCREMENT=35 DEFAULT CHARSET=utf8;
/*!40101 SET character_set_client = @saved_cs_client */;

--
-- Dumping data for table `answer`
--

LOCK TABLES `answer` WRITE;
/*!40000 ALTER TABLE `answer` DISABLE KEYS */;
/*!40000 ALTER TABLE `answer` ENABLE KEYS */;
UNLOCK TABLES;

--
-- Table structure for table `criterion`
--

DROP TABLE IF EXISTS `criterion`;
/*!40101 SET @saved_cs_client     = @@character_set_client */;
/*!40101 SET character_set_client = utf8 */;
CREATE TABLE `criterion` (
  `idcriterion` int(11) NOT NULL AUTO_INCREMENT,
  `description` varchar(100) DEFAULT NULL,
  `evaluation` int(11) DEFAULT NULL,
  `question_idquestion` int(11) DEFAULT NULL,
  `issubjective` int(11) DEFAULT NULL,
  PRIMARY KEY (`idcriterion`),
  KEY `fk_criterion_question1_idx` (`question_idquestion`),
  CONSTRAINT `fk_criterion_question1` FOREIGN KEY (`question_idquestion`) REFERENCES `question` (`idquestion`) ON DELETE NO ACTION ON UPDATE NO ACTION
) ENGINE=InnoDB AUTO_INCREMENT=31 DEFAULT CHARSET=utf8;
/*!40101 SET character_set_client = @saved_cs_client */;

--
-- Dumping data for table `criterion`
--

LOCK TABLES `criterion` WRITE;
/*!40000 ALTER TABLE `criterion` DISABLE KEYS */;
INSERT INTO `criterion` VALUES (22,'Fala que cada pixel aparecerá mais largo.',1,9,0),(23,'Tens os mesmos pixéis, mas mais espaçados.',1,9,0),(24,'Correição geral:',1,9,1),(25,'Fala e desenvolve a explicação do sistema RGB e do sistema CMYK.',1,10,0),(26,'Fala e desenvolve apenas de um dos sistemas CMYK ou RGB.',1,10,0),(27,'Correição geral:',1,10,1),(28,'Fala que não tem importância e que o resultado é igual.',1,11,0),(29,'Fala que no formato .JPEG e .TIFF a sua visualização no monitor.',1,11,0),(30,'Correição geral:',1,11,1);
/*!40000 ALTER TABLE `criterion` ENABLE KEYS */;
UNLOCK TABLES;

--
-- Table structure for table `evaluation`
--

DROP TABLE IF EXISTS `evaluation`;
/*!40101 SET @saved_cs_client     = @@character_set_client */;
/*!40101 SET character_set_client = utf8 */;
CREATE TABLE `evaluation` (
  `idevaluation` int(11) NOT NULL AUTO_INCREMENT,
  `evaluation` int(11) DEFAULT NULL,
  `evaluator_idevaluator` int(11) DEFAULT NULL,
  `answer_idanswer` int(11) DEFAULT NULL,
  `criterion_accomplished` varchar(45) DEFAULT NULL,
  `ambient_variables` longtext NOT NULL,
  `time` datetime NOT NULL,
  PRIMARY KEY (`idevaluation`),
  KEY `fk_evaluation_evaluator1_idx` (`evaluator_idevaluator`),
  KEY `fk_evaluation_answer1_idx` (`answer_idanswer`),
  CONSTRAINT `fk_evaluation_answer1` FOREIGN KEY (`answer_idanswer`) REFERENCES `answer` (`idanswer`) ON DELETE NO ACTION ON UPDATE NO ACTION,
  CONSTRAINT `fk_evaluation_evaluator1` FOREIGN KEY (`evaluator_idevaluator`) REFERENCES `evaluator` (`idevaluator`) ON DELETE NO ACTION ON UPDATE NO ACTION
) ENGINE=InnoDB AUTO_INCREMENT=18 DEFAULT CHARSET=utf8;
/*!40101 SET character_set_client = @saved_cs_client */;

--
-- Dumping data for table `evaluation`
--

LOCK TABLES `evaluation` WRITE;
/*!40000 ALTER TABLE `evaluation` DISABLE KEYS */;
/*!40000 ALTER TABLE `evaluation` ENABLE KEYS */;
UNLOCK TABLES;

--
-- Table structure for table `evaluator`
--

DROP TABLE IF EXISTS `evaluator`;
/*!40101 SET @saved_cs_client     = @@character_set_client */;
/*!40101 SET character_set_client = utf8 */;
CREATE TABLE `evaluator` (
  `idevaluator` int(11) NOT NULL AUTO_INCREMENT,
  `name` varchar(45) DEFAULT NULL,
  PRIMARY KEY (`idevaluator`)
) ENGINE=InnoDB AUTO_INCREMENT=106 DEFAULT CHARSET=utf8;
/*!40101 SET character_set_client = @saved_cs_client */;

--
-- Dumping data for table `evaluator`
--

LOCK TABLES `evaluator` WRITE;
/*!40000 ALTER TABLE `evaluator` DISABLE KEYS */;
INSERT INTO `evaluator` VALUES (69,'Photoshop-Dalila'),(70,'chocolate'),(71,'snow'),(72,'tomato'),(73,'grey'),(74,'slategrey'),(75,'aliceblue'),(76,'hotpink'),(77,'Orange'),(78,'orchid'),(79,'beige'),(80,'crimson'),(81,'aqua'),(82,'gold'),(83,'cyan'),(84,'darkgrey'),(85,'khaki'),(86,'ice blue'),(87,'red'),(88,'rose'),(89,'white'),(90,'ghostwhite'),(91,'Pink'),(92,'silver'),(93,'magenta'),(94,'mintcream'),(95,'lightblue'),(96,'stateblue'),(97,'Yellow'),(98,'firebrick'),(99,'indigo'),(100,'skyblue'),(101,'coral'),(102,'salmon'),(103,'green'),(104,'goldenrod'),(105,'antiquewhite');
/*!40000 ALTER TABLE `evaluator` ENABLE KEYS */;
UNLOCK TABLES;

--
-- Table structure for table `professor`
--

DROP TABLE IF EXISTS `professor`;
/*!40101 SET @saved_cs_client     = @@character_set_client */;
/*!40101 SET character_set_client = utf8 */;
CREATE TABLE `professor` (
  `idprofessor` int(11) NOT NULL AUTO_INCREMENT,
  `name` varchar(45) DEFAULT NULL,
  `evaluator_idevaluator` int(11) DEFAULT NULL,
  `iduser` int(11) NOT NULL,
  PRIMARY KEY (`idprofessor`),
  KEY `fk_professor_evaluator1_idx` (`evaluator_idevaluator`),
  KEY `fk_professor_1_idx` (`iduser`),
  CONSTRAINT `fk_professor_1` FOREIGN KEY (`iduser`) REFERENCES `user` (`iduser`) ON DELETE NO ACTION ON UPDATE NO ACTION,
  CONSTRAINT `fk_professor_evaluator1` FOREIGN KEY (`evaluator_idevaluator`) REFERENCES `evaluator` (`idevaluator`) ON DELETE NO ACTION ON UPDATE NO ACTION
) ENGINE=InnoDB AUTO_INCREMENT=8 DEFAULT CHARSET=utf8;
/*!40101 SET character_set_client = @saved_cs_client */;

--
-- Dumping data for table `professor`
--

LOCK TABLES `professor` WRITE;
/*!40000 ALTER TABLE `professor` DISABLE KEYS */;
INSERT INTO `professor` VALUES (7,'Photoshop-Dalila',69,66);
/*!40000 ALTER TABLE `professor` ENABLE KEYS */;
UNLOCK TABLES;

--
-- Table structure for table `question`
--

DROP TABLE IF EXISTS `question`;
/*!40101 SET @saved_cs_client     = @@character_set_client */;
/*!40101 SET character_set_client = utf8 */;
CREATE TABLE `question` (
  `idquestion` int(11) NOT NULL AUTO_INCREMENT,
  `text` mediumtext,
  `evaluation` int(11) DEFAULT NULL,
  PRIMARY KEY (`idquestion`)
) ENGINE=InnoDB AUTO_INCREMENT=12 DEFAULT CHARSET=utf8;
/*!40101 SET character_set_client = @saved_cs_client */;

--
-- Dumping data for table `question`
--

LOCK TABLES `question` WRITE;
/*!40000 ALTER TABLE `question` DISABLE KEYS */;
INSERT INTO `question` VALUES (9,'Um monitor de 15 polegadas apresenta 1024 pixéis na horizontal e 768 na vertical. Uma imagem com dimensões de 1024 pixels por 768 pixéis preencherá este ecrã. O que acontecerá num monitor mais largo, e utilizando a mesma imagem (com dimensões de 1024 por 768 pixels)?',1),(10,'Quando falamos de imagem, é preciso ter em atenção que tipo de imagem vamos trabalhar. Se for fotografia, trataremos de um tipo de imagem; se for para elaborarem cartazes para impressão, falamos de outro tipo de imagem. Indique os dois tipos de imagens e explique o seu sistema de cores.',1),(11,'Imagine que tem duas imagens uma em formato JPEG e outra em formato em formato TIFF, ao visualizar no monitor, qual a para si, verá com mais qualidade.',1);
/*!40000 ALTER TABLE `question` ENABLE KEYS */;
UNLOCK TABLES;

--
-- Table structure for table `role`
--

DROP TABLE IF EXISTS `role`;
/*!40101 SET @saved_cs_client     = @@character_set_client */;
/*!40101 SET character_set_client = utf8 */;
CREATE TABLE `role` (
  `idroles` int(11) NOT NULL AUTO_INCREMENT,
  `rolescol` varchar(45) DEFAULT NULL,
  PRIMARY KEY (`idroles`)
) ENGINE=InnoDB AUTO_INCREMENT=2 DEFAULT CHARSET=utf8;
/*!40101 SET character_set_client = @saved_cs_client */;

--
-- Dumping data for table `role`
--

LOCK TABLES `role` WRITE;
/*!40000 ALTER TABLE `role` DISABLE KEYS */;
/*!40000 ALTER TABLE `role` ENABLE KEYS */;
UNLOCK TABLES;

--
-- Table structure for table `shouldevaluate`
--

DROP TABLE IF EXISTS `shouldevaluate`;
/*!40101 SET @saved_cs_client     = @@character_set_client */;
/*!40101 SET character_set_client = utf8 */;
CREATE TABLE `shouldevaluate` (
  `idshouldevaluate` int(11) NOT NULL AUTO_INCREMENT,
  `idevaluator` int(11) NOT NULL,
  `idsubject` int(11) NOT NULL,
  PRIMARY KEY (`idshouldevaluate`),
  KEY `fk_shouldevaluate_1_idx` (`idevaluator`),
  KEY `fk_shouldevaluate_2_idx` (`idsubject`),
  CONSTRAINT `fk_shouldevaluate_1` FOREIGN KEY (`idevaluator`) REFERENCES `evaluator` (`idevaluator`) ON DELETE NO ACTION ON UPDATE NO ACTION,
  CONSTRAINT `fk_shouldevaluate_2` FOREIGN KEY (`idsubject`) REFERENCES `student` (`idsubject`) ON DELETE NO ACTION ON UPDATE NO ACTION
) ENGINE=InnoDB AUTO_INCREMENT=393 DEFAULT CHARSET=utf8;
/*!40101 SET character_set_client = @saved_cs_client */;

--
-- Dumping data for table `shouldevaluate`
--

LOCK TABLES `shouldevaluate` WRITE;
/*!40000 ALTER TABLE `shouldevaluate` DISABLE KEYS */;
INSERT INTO `shouldevaluate` VALUES (141,70,98),(142,70,97),(143,70,96),(144,70,95),(145,70,94),(146,70,93),(147,70,92),(148,71,63),(149,71,98),(150,71,97),(151,71,96),(152,71,95),(153,71,94),(154,71,93),(155,72,64),(156,72,63),(157,72,98),(158,72,97),(159,72,96),(160,72,95),(161,72,94),(162,73,65),(163,73,64),(164,73,63),(165,73,98),(166,73,97),(167,73,96),(168,73,95),(169,74,66),(170,74,65),(171,74,64),(172,74,63),(173,74,98),(174,74,97),(175,74,96),(176,75,67),(177,75,66),(178,75,65),(179,75,64),(180,75,63),(181,75,98),(182,75,97),(183,76,68),(184,76,67),(185,76,66),(186,76,65),(187,76,64),(188,76,63),(189,76,98),(190,77,69),(191,77,68),(192,77,67),(193,77,66),(194,77,65),(195,77,64),(196,77,63),(197,78,70),(198,78,69),(199,78,68),(200,78,67),(201,78,66),(202,78,65),(203,78,64),(204,79,71),(205,79,70),(206,79,69),(207,79,68),(208,79,67),(209,79,66),(210,79,65),(211,80,72),(212,80,71),(213,80,70),(214,80,69),(215,80,68),(216,80,67),(217,80,66),(218,81,73),(219,81,72),(220,81,71),(221,81,70),(222,81,69),(223,81,68),(224,81,67),(225,82,74),(226,82,73),(227,82,72),(228,82,71),(229,82,70),(230,82,69),(231,82,68),(232,83,75),(233,83,74),(234,83,73),(235,83,72),(236,83,71),(237,83,70),(238,83,69),(239,84,76),(240,84,75),(241,84,74),(242,84,73),(243,84,72),(244,84,71),(245,84,70),(246,85,77),(247,85,76),(248,85,75),(249,85,74),(250,85,73),(251,85,72),(252,85,71),(253,86,78),(254,86,77),(255,86,76),(256,86,75),(257,86,74),(258,86,73),(259,86,72),(260,87,79),(261,87,78),(262,87,77),(263,87,76),(264,87,75),(265,87,74),(266,87,73),(267,88,80),(268,88,79),(269,88,78),(270,88,77),(271,88,76),(272,88,75),(273,88,74),(274,89,81),(275,89,80),(276,89,79),(277,89,78),(278,89,77),(279,89,76),(280,89,75),(281,90,82),(282,90,81),(283,90,80),(284,90,79),(285,90,78),(286,90,77),(287,90,76),(288,91,83),(289,91,82),(290,91,81),(291,91,80),(292,91,79),(293,91,78),(294,91,77),(295,92,84),(296,92,83),(297,92,82),(298,92,81),(299,92,80),(300,92,79),(301,92,78),(302,93,85),(303,93,84),(304,93,83),(305,93,82),(306,93,81),(307,93,80),(308,93,79),(309,94,86),(310,94,85),(311,94,84),(312,94,83),(313,94,82),(314,94,81),(315,94,80),(316,95,87),(317,95,86),(318,95,85),(319,95,84),(320,95,83),(321,95,82),(322,95,81),(323,96,88),(324,96,87),(325,96,86),(326,96,85),(327,96,84),(328,96,83),(329,96,82),(330,97,89),(331,97,88),(332,97,87),(333,97,86),(334,97,85),(335,97,84),(336,97,83),(337,98,90),(338,98,89),(339,98,88),(340,98,87),(341,98,86),(342,98,85),(343,98,84),(344,99,91),(345,99,90),(346,99,89),(347,99,88),(348,99,87),(349,99,86),(350,99,85),(351,100,92),(352,100,91),(353,100,90),(354,100,89),(355,100,88),(356,100,87),(357,100,86),(358,101,93),(359,101,92),(360,101,91),(361,101,90),(362,101,89),(363,101,88),(364,101,87),(365,102,94),(366,102,93),(367,102,92),(368,102,91),(369,102,90),(370,102,89),(371,102,88),(372,103,95),(373,103,94),(374,103,93),(375,103,92),(376,103,91),(377,103,90),(378,103,89),(379,104,96),(380,104,95),(381,104,94),(382,104,93),(383,104,92),(384,104,91),(385,104,90),(386,105,97),(387,105,96),(388,105,95),(389,105,94),(390,105,93),(391,105,92),(392,105,91);
/*!40000 ALTER TABLE `shouldevaluate` ENABLE KEYS */;
UNLOCK TABLES;

--
-- Table structure for table `socialanalysis`
--

DROP TABLE IF EXISTS `socialanalysis`;
/*!40101 SET @saved_cs_client     = @@character_set_client */;
/*!40101 SET character_set_client = utf8 */;
CREATE TABLE `socialanalysis` (
  `idsocialanalysis` int(11) NOT NULL AUTO_INCREMENT,
  `hidrance` int(11) DEFAULT NULL,
  `friendship1` int(11) DEFAULT NULL,
  `friendship2` int(11) DEFAULT NULL,
  `advice` int(11) DEFAULT NULL,
  `confidence` int(11) DEFAULT NULL,
  `experiment_idexperiment` int(11) DEFAULT NULL,
  `student_idsubject` int(11) DEFAULT NULL,
  `student_idsubject1` int(11) DEFAULT NULL,
  PRIMARY KEY (`idsocialanalysis`),
  KEY `fk_socialanalysis_student1_idx` (`student_idsubject`),
  KEY `fk_socialanalysis_student2_idx` (`student_idsubject1`),
  CONSTRAINT `fk_socialanalysis_student1` FOREIGN KEY (`student_idsubject`) REFERENCES `student` (`idsubject`) ON DELETE NO ACTION ON UPDATE NO ACTION,
  CONSTRAINT `fk_socialanalysis_student2` FOREIGN KEY (`student_idsubject1`) REFERENCES `student` (`idsubject`) ON DELETE NO ACTION ON UPDATE NO ACTION
) ENGINE=InnoDB AUTO_INCREMENT=923 DEFAULT CHARSET=utf8;
/*!40101 SET character_set_client = @saved_cs_client */;

--
-- Dumping data for table `socialanalysis`
--

LOCK TABLES `socialanalysis` WRITE;
/*!40000 ALTER TABLE `socialanalysis` DISABLE KEYS */;
INSERT INTO `socialanalysis` VALUES (563,NULL,NULL,NULL,NULL,NULL,NULL,63,98),(564,NULL,NULL,NULL,NULL,NULL,NULL,63,97),(565,NULL,NULL,NULL,NULL,NULL,NULL,63,96),(566,NULL,NULL,NULL,NULL,NULL,NULL,63,95),(567,NULL,NULL,NULL,NULL,NULL,NULL,63,94),(568,NULL,NULL,NULL,NULL,NULL,NULL,63,93),(569,NULL,NULL,NULL,NULL,NULL,NULL,63,92),(570,NULL,NULL,NULL,NULL,NULL,NULL,63,91),(571,NULL,NULL,NULL,NULL,NULL,NULL,63,90),(572,NULL,NULL,NULL,NULL,NULL,NULL,63,89),(573,NULL,NULL,NULL,NULL,NULL,NULL,64,63),(574,NULL,NULL,NULL,NULL,NULL,NULL,64,98),(575,NULL,NULL,NULL,NULL,NULL,NULL,64,97),(576,NULL,NULL,NULL,NULL,NULL,NULL,64,96),(577,NULL,NULL,NULL,NULL,NULL,NULL,64,95),(578,NULL,NULL,NULL,NULL,NULL,NULL,64,94),(579,NULL,NULL,NULL,NULL,NULL,NULL,64,93),(580,NULL,NULL,NULL,NULL,NULL,NULL,64,92),(581,NULL,NULL,NULL,NULL,NULL,NULL,64,91),(582,NULL,NULL,NULL,NULL,NULL,NULL,64,90),(583,NULL,NULL,NULL,NULL,NULL,NULL,65,64),(584,NULL,NULL,NULL,NULL,NULL,NULL,65,63),(585,NULL,NULL,NULL,NULL,NULL,NULL,65,98),(586,NULL,NULL,NULL,NULL,NULL,NULL,65,97),(587,NULL,NULL,NULL,NULL,NULL,NULL,65,96),(588,NULL,NULL,NULL,NULL,NULL,NULL,65,95),(589,NULL,NULL,NULL,NULL,NULL,NULL,65,94),(590,NULL,NULL,NULL,NULL,NULL,NULL,65,93),(591,NULL,NULL,NULL,NULL,NULL,NULL,65,92),(592,NULL,NULL,NULL,NULL,NULL,NULL,65,91),(593,NULL,NULL,NULL,NULL,NULL,NULL,66,65),(594,NULL,NULL,NULL,NULL,NULL,NULL,66,64),(595,NULL,NULL,NULL,NULL,NULL,NULL,66,63),(596,NULL,NULL,NULL,NULL,NULL,NULL,66,98),(597,NULL,NULL,NULL,NULL,NULL,NULL,66,97),(598,NULL,NULL,NULL,NULL,NULL,NULL,66,96),(599,NULL,NULL,NULL,NULL,NULL,NULL,66,95),(600,NULL,NULL,NULL,NULL,NULL,NULL,66,94),(601,NULL,NULL,NULL,NULL,NULL,NULL,66,93),(602,NULL,NULL,NULL,NULL,NULL,NULL,66,92),(603,NULL,NULL,NULL,NULL,NULL,NULL,67,66),(604,NULL,NULL,NULL,NULL,NULL,NULL,67,65),(605,NULL,NULL,NULL,NULL,NULL,NULL,67,64),(606,NULL,NULL,NULL,NULL,NULL,NULL,67,63),(607,NULL,NULL,NULL,NULL,NULL,NULL,67,98),(608,NULL,NULL,NULL,NULL,NULL,NULL,67,97),(609,NULL,NULL,NULL,NULL,NULL,NULL,67,96),(610,NULL,NULL,NULL,NULL,NULL,NULL,67,95),(611,NULL,NULL,NULL,NULL,NULL,NULL,67,94),(612,NULL,NULL,NULL,NULL,NULL,NULL,67,93),(613,NULL,NULL,NULL,NULL,NULL,NULL,68,67),(614,NULL,NULL,NULL,NULL,NULL,NULL,68,66),(615,NULL,NULL,NULL,NULL,NULL,NULL,68,65),(616,NULL,NULL,NULL,NULL,NULL,NULL,68,64),(617,NULL,NULL,NULL,NULL,NULL,NULL,68,63),(618,NULL,NULL,NULL,NULL,NULL,NULL,68,98),(619,NULL,NULL,NULL,NULL,NULL,NULL,68,97),(620,NULL,NULL,NULL,NULL,NULL,NULL,68,96),(621,NULL,NULL,NULL,NULL,NULL,NULL,68,95),(622,NULL,NULL,NULL,NULL,NULL,NULL,68,94),(623,NULL,NULL,NULL,NULL,NULL,NULL,69,68),(624,NULL,NULL,NULL,NULL,NULL,NULL,69,67),(625,NULL,NULL,NULL,NULL,NULL,NULL,69,66),(626,NULL,NULL,NULL,NULL,NULL,NULL,69,65),(627,NULL,NULL,NULL,NULL,NULL,NULL,69,64),(628,NULL,NULL,NULL,NULL,NULL,NULL,69,63),(629,NULL,NULL,NULL,NULL,NULL,NULL,69,98),(630,NULL,NULL,NULL,NULL,NULL,NULL,69,97),(631,NULL,NULL,NULL,NULL,NULL,NULL,69,96),(632,NULL,NULL,NULL,NULL,NULL,NULL,69,95),(633,NULL,NULL,NULL,NULL,NULL,NULL,70,69),(634,NULL,NULL,NULL,NULL,NULL,NULL,70,68),(635,NULL,NULL,NULL,NULL,NULL,NULL,70,67),(636,NULL,NULL,NULL,NULL,NULL,NULL,70,66),(637,NULL,NULL,NULL,NULL,NULL,NULL,70,65),(638,NULL,NULL,NULL,NULL,NULL,NULL,70,64),(639,NULL,NULL,NULL,NULL,NULL,NULL,70,63),(640,NULL,NULL,NULL,NULL,NULL,NULL,70,98),(641,NULL,NULL,NULL,NULL,NULL,NULL,70,97),(642,NULL,NULL,NULL,NULL,NULL,NULL,70,96),(643,NULL,NULL,NULL,NULL,NULL,NULL,71,70),(644,NULL,NULL,NULL,NULL,NULL,NULL,71,69),(645,NULL,NULL,NULL,NULL,NULL,NULL,71,68),(646,NULL,NULL,NULL,NULL,NULL,NULL,71,67),(647,NULL,NULL,NULL,NULL,NULL,NULL,71,66),(648,NULL,NULL,NULL,NULL,NULL,NULL,71,65),(649,NULL,NULL,NULL,NULL,NULL,NULL,71,64),(650,NULL,NULL,NULL,NULL,NULL,NULL,71,63),(651,NULL,NULL,NULL,NULL,NULL,NULL,71,98),(652,NULL,NULL,NULL,NULL,NULL,NULL,71,97),(653,NULL,NULL,NULL,NULL,NULL,NULL,72,71),(654,NULL,NULL,NULL,NULL,NULL,NULL,72,70),(655,NULL,NULL,NULL,NULL,NULL,NULL,72,69),(656,NULL,NULL,NULL,NULL,NULL,NULL,72,68),(657,NULL,NULL,NULL,NULL,NULL,NULL,72,67),(658,NULL,NULL,NULL,NULL,NULL,NULL,72,66),(659,NULL,NULL,NULL,NULL,NULL,NULL,72,65),(660,NULL,NULL,NULL,NULL,NULL,NULL,72,64),(661,NULL,NULL,NULL,NULL,NULL,NULL,72,63),(662,NULL,NULL,NULL,NULL,NULL,NULL,72,98),(663,NULL,NULL,NULL,NULL,NULL,NULL,73,72),(664,NULL,NULL,NULL,NULL,NULL,NULL,73,71),(665,NULL,NULL,NULL,NULL,NULL,NULL,73,70),(666,NULL,NULL,NULL,NULL,NULL,NULL,73,69),(667,NULL,NULL,NULL,NULL,NULL,NULL,73,68),(668,NULL,NULL,NULL,NULL,NULL,NULL,73,67),(669,NULL,NULL,NULL,NULL,NULL,NULL,73,66),(670,NULL,NULL,NULL,NULL,NULL,NULL,73,65),(671,NULL,NULL,NULL,NULL,NULL,NULL,73,64),(672,NULL,NULL,NULL,NULL,NULL,NULL,73,63),(673,NULL,NULL,NULL,NULL,NULL,NULL,74,73),(674,NULL,NULL,NULL,NULL,NULL,NULL,74,72),(675,NULL,NULL,NULL,NULL,NULL,NULL,74,71),(676,NULL,NULL,NULL,NULL,NULL,NULL,74,70),(677,NULL,NULL,NULL,NULL,NULL,NULL,74,69),(678,NULL,NULL,NULL,NULL,NULL,NULL,74,68),(679,NULL,NULL,NULL,NULL,NULL,NULL,74,67),(680,NULL,NULL,NULL,NULL,NULL,NULL,74,66),(681,NULL,NULL,NULL,NULL,NULL,NULL,74,65),(682,NULL,NULL,NULL,NULL,NULL,NULL,74,64),(683,NULL,NULL,NULL,NULL,NULL,NULL,75,74),(684,NULL,NULL,NULL,NULL,NULL,NULL,75,73),(685,NULL,NULL,NULL,NULL,NULL,NULL,75,72),(686,NULL,NULL,NULL,NULL,NULL,NULL,75,71),(687,NULL,NULL,NULL,NULL,NULL,NULL,75,70),(688,NULL,NULL,NULL,NULL,NULL,NULL,75,69),(689,NULL,NULL,NULL,NULL,NULL,NULL,75,68),(690,NULL,NULL,NULL,NULL,NULL,NULL,75,67),(691,NULL,NULL,NULL,NULL,NULL,NULL,75,66),(692,NULL,NULL,NULL,NULL,NULL,NULL,75,65),(693,NULL,NULL,NULL,NULL,NULL,NULL,76,75),(694,NULL,NULL,NULL,NULL,NULL,NULL,76,74),(695,NULL,NULL,NULL,NULL,NULL,NULL,76,73),(696,NULL,NULL,NULL,NULL,NULL,NULL,76,72),(697,NULL,NULL,NULL,NULL,NULL,NULL,76,71),(698,NULL,NULL,NULL,NULL,NULL,NULL,76,70),(699,NULL,NULL,NULL,NULL,NULL,NULL,76,69),(700,NULL,NULL,NULL,NULL,NULL,NULL,76,68),(701,NULL,NULL,NULL,NULL,NULL,NULL,76,67),(702,NULL,NULL,NULL,NULL,NULL,NULL,76,66),(703,NULL,NULL,NULL,NULL,NULL,NULL,77,76),(704,NULL,NULL,NULL,NULL,NULL,NULL,77,75),(705,NULL,NULL,NULL,NULL,NULL,NULL,77,74),(706,NULL,NULL,NULL,NULL,NULL,NULL,77,73),(707,NULL,NULL,NULL,NULL,NULL,NULL,77,72),(708,NULL,NULL,NULL,NULL,NULL,NULL,77,71),(709,NULL,NULL,NULL,NULL,NULL,NULL,77,70),(710,NULL,NULL,NULL,NULL,NULL,NULL,77,69),(711,NULL,NULL,NULL,NULL,NULL,NULL,77,68),(712,NULL,NULL,NULL,NULL,NULL,NULL,77,67),(713,NULL,NULL,NULL,NULL,NULL,NULL,78,77),(714,NULL,NULL,NULL,NULL,NULL,NULL,78,76),(715,NULL,NULL,NULL,NULL,NULL,NULL,78,75),(716,NULL,NULL,NULL,NULL,NULL,NULL,78,74),(717,NULL,NULL,NULL,NULL,NULL,NULL,78,73),(718,NULL,NULL,NULL,NULL,NULL,NULL,78,72),(719,NULL,NULL,NULL,NULL,NULL,NULL,78,71),(720,NULL,NULL,NULL,NULL,NULL,NULL,78,70),(721,NULL,NULL,NULL,NULL,NULL,NULL,78,69),(722,NULL,NULL,NULL,NULL,NULL,NULL,78,68),(723,NULL,NULL,NULL,NULL,NULL,NULL,79,78),(724,NULL,NULL,NULL,NULL,NULL,NULL,79,77),(725,NULL,NULL,NULL,NULL,NULL,NULL,79,76),(726,NULL,NULL,NULL,NULL,NULL,NULL,79,75),(727,NULL,NULL,NULL,NULL,NULL,NULL,79,74),(728,NULL,NULL,NULL,NULL,NULL,NULL,79,73),(729,NULL,NULL,NULL,NULL,NULL,NULL,79,72),(730,NULL,NULL,NULL,NULL,NULL,NULL,79,71),(731,NULL,NULL,NULL,NULL,NULL,NULL,79,70),(732,NULL,NULL,NULL,NULL,NULL,NULL,79,69),(733,NULL,NULL,NULL,NULL,NULL,NULL,80,79),(734,NULL,NULL,NULL,NULL,NULL,NULL,80,78),(735,NULL,NULL,NULL,NULL,NULL,NULL,80,77),(736,NULL,NULL,NULL,NULL,NULL,NULL,80,76),(737,NULL,NULL,NULL,NULL,NULL,NULL,80,75),(738,NULL,NULL,NULL,NULL,NULL,NULL,80,74),(739,NULL,NULL,NULL,NULL,NULL,NULL,80,73),(740,NULL,NULL,NULL,NULL,NULL,NULL,80,72),(741,NULL,NULL,NULL,NULL,NULL,NULL,80,71),(742,NULL,NULL,NULL,NULL,NULL,NULL,80,70),(743,NULL,NULL,NULL,NULL,NULL,NULL,81,80),(744,NULL,NULL,NULL,NULL,NULL,NULL,81,79),(745,NULL,NULL,NULL,NULL,NULL,NULL,81,78),(746,NULL,NULL,NULL,NULL,NULL,NULL,81,77),(747,NULL,NULL,NULL,NULL,NULL,NULL,81,76),(748,NULL,NULL,NULL,NULL,NULL,NULL,81,75),(749,NULL,NULL,NULL,NULL,NULL,NULL,81,74),(750,NULL,NULL,NULL,NULL,NULL,NULL,81,73),(751,NULL,NULL,NULL,NULL,NULL,NULL,81,72),(752,NULL,NULL,NULL,NULL,NULL,NULL,81,71),(753,NULL,NULL,NULL,NULL,NULL,NULL,82,81),(754,NULL,NULL,NULL,NULL,NULL,NULL,82,80),(755,NULL,NULL,NULL,NULL,NULL,NULL,82,79),(756,NULL,NULL,NULL,NULL,NULL,NULL,82,78),(757,NULL,NULL,NULL,NULL,NULL,NULL,82,77),(758,NULL,NULL,NULL,NULL,NULL,NULL,82,76),(759,NULL,NULL,NULL,NULL,NULL,NULL,82,75),(760,NULL,NULL,NULL,NULL,NULL,NULL,82,74),(761,NULL,NULL,NULL,NULL,NULL,NULL,82,73),(762,NULL,NULL,NULL,NULL,NULL,NULL,82,72),(763,NULL,NULL,NULL,NULL,NULL,NULL,83,82),(764,NULL,NULL,NULL,NULL,NULL,NULL,83,81),(765,NULL,NULL,NULL,NULL,NULL,NULL,83,80),(766,NULL,NULL,NULL,NULL,NULL,NULL,83,79),(767,NULL,NULL,NULL,NULL,NULL,NULL,83,78),(768,NULL,NULL,NULL,NULL,NULL,NULL,83,77),(769,NULL,NULL,NULL,NULL,NULL,NULL,83,76),(770,NULL,NULL,NULL,NULL,NULL,NULL,83,75),(771,NULL,NULL,NULL,NULL,NULL,NULL,83,74),(772,NULL,NULL,NULL,NULL,NULL,NULL,83,73),(773,NULL,NULL,NULL,NULL,NULL,NULL,84,83),(774,NULL,NULL,NULL,NULL,NULL,NULL,84,82),(775,NULL,NULL,NULL,NULL,NULL,NULL,84,81),(776,NULL,NULL,NULL,NULL,NULL,NULL,84,80),(777,NULL,NULL,NULL,NULL,NULL,NULL,84,79),(778,NULL,NULL,NULL,NULL,NULL,NULL,84,78),(779,NULL,NULL,NULL,NULL,NULL,NULL,84,77),(780,NULL,NULL,NULL,NULL,NULL,NULL,84,76),(781,NULL,NULL,NULL,NULL,NULL,NULL,84,75),(782,NULL,NULL,NULL,NULL,NULL,NULL,84,74),(783,NULL,NULL,NULL,NULL,NULL,NULL,85,84),(784,NULL,NULL,NULL,NULL,NULL,NULL,85,83),(785,NULL,NULL,NULL,NULL,NULL,NULL,85,82),(786,NULL,NULL,NULL,NULL,NULL,NULL,85,81),(787,NULL,NULL,NULL,NULL,NULL,NULL,85,80),(788,NULL,NULL,NULL,NULL,NULL,NULL,85,79),(789,NULL,NULL,NULL,NULL,NULL,NULL,85,78),(790,NULL,NULL,NULL,NULL,NULL,NULL,85,77),(791,NULL,NULL,NULL,NULL,NULL,NULL,85,76),(792,NULL,NULL,NULL,NULL,NULL,NULL,85,75),(793,NULL,NULL,NULL,NULL,NULL,NULL,86,85),(794,NULL,NULL,NULL,NULL,NULL,NULL,86,84),(795,NULL,NULL,NULL,NULL,NULL,NULL,86,83),(796,NULL,NULL,NULL,NULL,NULL,NULL,86,82),(797,NULL,NULL,NULL,NULL,NULL,NULL,86,81),(798,NULL,NULL,NULL,NULL,NULL,NULL,86,80),(799,NULL,NULL,NULL,NULL,NULL,NULL,86,79),(800,NULL,NULL,NULL,NULL,NULL,NULL,86,78),(801,NULL,NULL,NULL,NULL,NULL,NULL,86,77),(802,NULL,NULL,NULL,NULL,NULL,NULL,86,76),(803,NULL,NULL,NULL,NULL,NULL,NULL,87,86),(804,NULL,NULL,NULL,NULL,NULL,NULL,87,85),(805,NULL,NULL,NULL,NULL,NULL,NULL,87,84),(806,NULL,NULL,NULL,NULL,NULL,NULL,87,83),(807,NULL,NULL,NULL,NULL,NULL,NULL,87,82),(808,NULL,NULL,NULL,NULL,NULL,NULL,87,81),(809,NULL,NULL,NULL,NULL,NULL,NULL,87,80),(810,NULL,NULL,NULL,NULL,NULL,NULL,87,79),(811,NULL,NULL,NULL,NULL,NULL,NULL,87,78),(812,NULL,NULL,NULL,NULL,NULL,NULL,87,77),(813,NULL,NULL,NULL,NULL,NULL,NULL,88,87),(814,NULL,NULL,NULL,NULL,NULL,NULL,88,86),(815,NULL,NULL,NULL,NULL,NULL,NULL,88,85),(816,NULL,NULL,NULL,NULL,NULL,NULL,88,84),(817,NULL,NULL,NULL,NULL,NULL,NULL,88,83),(818,NULL,NULL,NULL,NULL,NULL,NULL,88,82),(819,NULL,NULL,NULL,NULL,NULL,NULL,88,81),(820,NULL,NULL,NULL,NULL,NULL,NULL,88,80),(821,NULL,NULL,NULL,NULL,NULL,NULL,88,79),(822,NULL,NULL,NULL,NULL,NULL,NULL,88,78),(823,NULL,NULL,NULL,NULL,NULL,NULL,89,88),(824,NULL,NULL,NULL,NULL,NULL,NULL,89,87),(825,NULL,NULL,NULL,NULL,NULL,NULL,89,86),(826,NULL,NULL,NULL,NULL,NULL,NULL,89,85),(827,NULL,NULL,NULL,NULL,NULL,NULL,89,84),(828,NULL,NULL,NULL,NULL,NULL,NULL,89,83),(829,NULL,NULL,NULL,NULL,NULL,NULL,89,82),(830,NULL,NULL,NULL,NULL,NULL,NULL,89,81),(831,NULL,NULL,NULL,NULL,NULL,NULL,89,80),(832,NULL,NULL,NULL,NULL,NULL,NULL,89,79),(833,NULL,NULL,NULL,NULL,NULL,NULL,90,89),(834,NULL,NULL,NULL,NULL,NULL,NULL,90,88),(835,NULL,NULL,NULL,NULL,NULL,NULL,90,87),(836,NULL,NULL,NULL,NULL,NULL,NULL,90,86),(837,NULL,NULL,NULL,NULL,NULL,NULL,90,85),(838,NULL,NULL,NULL,NULL,NULL,NULL,90,84),(839,NULL,NULL,NULL,NULL,NULL,NULL,90,83),(840,NULL,NULL,NULL,NULL,NULL,NULL,90,82),(841,NULL,NULL,NULL,NULL,NULL,NULL,90,81),(842,NULL,NULL,NULL,NULL,NULL,NULL,90,80),(843,NULL,NULL,NULL,NULL,NULL,NULL,91,90),(844,NULL,NULL,NULL,NULL,NULL,NULL,91,89),(845,NULL,NULL,NULL,NULL,NULL,NULL,91,88),(846,NULL,NULL,NULL,NULL,NULL,NULL,91,87),(847,NULL,NULL,NULL,NULL,NULL,NULL,91,86),(848,NULL,NULL,NULL,NULL,NULL,NULL,91,85),(849,NULL,NULL,NULL,NULL,NULL,NULL,91,84),(850,NULL,NULL,NULL,NULL,NULL,NULL,91,83),(851,NULL,NULL,NULL,NULL,NULL,NULL,91,82),(852,NULL,NULL,NULL,NULL,NULL,NULL,91,81),(853,NULL,NULL,NULL,NULL,NULL,NULL,92,91),(854,NULL,NULL,NULL,NULL,NULL,NULL,92,90),(855,NULL,NULL,NULL,NULL,NULL,NULL,92,89),(856,NULL,NULL,NULL,NULL,NULL,NULL,92,88),(857,NULL,NULL,NULL,NULL,NULL,NULL,92,87),(858,NULL,NULL,NULL,NULL,NULL,NULL,92,86),(859,NULL,NULL,NULL,NULL,NULL,NULL,92,85),(860,NULL,NULL,NULL,NULL,NULL,NULL,92,84),(861,NULL,NULL,NULL,NULL,NULL,NULL,92,83),(862,NULL,NULL,NULL,NULL,NULL,NULL,92,82),(863,NULL,NULL,NULL,NULL,NULL,NULL,93,92),(864,NULL,NULL,NULL,NULL,NULL,NULL,93,91),(865,NULL,NULL,NULL,NULL,NULL,NULL,93,90),(866,NULL,NULL,NULL,NULL,NULL,NULL,93,89),(867,NULL,NULL,NULL,NULL,NULL,NULL,93,88),(868,NULL,NULL,NULL,NULL,NULL,NULL,93,87),(869,NULL,NULL,NULL,NULL,NULL,NULL,93,86),(870,NULL,NULL,NULL,NULL,NULL,NULL,93,85),(871,NULL,NULL,NULL,NULL,NULL,NULL,93,84),(872,NULL,NULL,NULL,NULL,NULL,NULL,93,83),(873,NULL,NULL,NULL,NULL,NULL,NULL,94,93),(874,NULL,NULL,NULL,NULL,NULL,NULL,94,92),(875,NULL,NULL,NULL,NULL,NULL,NULL,94,91),(876,NULL,NULL,NULL,NULL,NULL,NULL,94,90),(877,NULL,NULL,NULL,NULL,NULL,NULL,94,89),(878,NULL,NULL,NULL,NULL,NULL,NULL,94,88),(879,NULL,NULL,NULL,NULL,NULL,NULL,94,87),(880,NULL,NULL,NULL,NULL,NULL,NULL,94,86),(881,NULL,NULL,NULL,NULL,NULL,NULL,94,85),(882,NULL,NULL,NULL,NULL,NULL,NULL,94,84),(883,NULL,NULL,NULL,NULL,NULL,NULL,95,94),(884,NULL,NULL,NULL,NULL,NULL,NULL,95,93),(885,NULL,NULL,NULL,NULL,NULL,NULL,95,92),(886,NULL,NULL,NULL,NULL,NULL,NULL,95,91),(887,NULL,NULL,NULL,NULL,NULL,NULL,95,90),(888,NULL,NULL,NULL,NULL,NULL,NULL,95,89),(889,NULL,NULL,NULL,NULL,NULL,NULL,95,88),(890,NULL,NULL,NULL,NULL,NULL,NULL,95,87),(891,NULL,NULL,NULL,NULL,NULL,NULL,95,86),(892,NULL,NULL,NULL,NULL,NULL,NULL,95,85),(893,NULL,NULL,NULL,NULL,NULL,NULL,96,95),(894,NULL,NULL,NULL,NULL,NULL,NULL,96,94),(895,NULL,NULL,NULL,NULL,NULL,NULL,96,93),(896,NULL,NULL,NULL,NULL,NULL,NULL,96,92),(897,NULL,NULL,NULL,NULL,NULL,NULL,96,91),(898,NULL,NULL,NULL,NULL,NULL,NULL,96,90),(899,NULL,NULL,NULL,NULL,NULL,NULL,96,89),(900,NULL,NULL,NULL,NULL,NULL,NULL,96,88),(901,NULL,NULL,NULL,NULL,NULL,NULL,96,87),(902,NULL,NULL,NULL,NULL,NULL,NULL,96,86),(903,NULL,NULL,NULL,NULL,NULL,NULL,97,96),(904,NULL,NULL,NULL,NULL,NULL,NULL,97,95),(905,NULL,NULL,NULL,NULL,NULL,NULL,97,94),(906,NULL,NULL,NULL,NULL,NULL,NULL,97,93),(907,NULL,NULL,NULL,NULL,NULL,NULL,97,92),(908,NULL,NULL,NULL,NULL,NULL,NULL,97,91),(909,NULL,NULL,NULL,NULL,NULL,NULL,97,90),(910,NULL,NULL,NULL,NULL,NULL,NULL,97,89),(911,NULL,NULL,NULL,NULL,NULL,NULL,97,88),(912,NULL,NULL,NULL,NULL,NULL,NULL,97,87),(913,NULL,NULL,NULL,NULL,NULL,NULL,98,97),(914,NULL,NULL,NULL,NULL,NULL,NULL,98,96),(915,NULL,NULL,NULL,NULL,NULL,NULL,98,95),(916,NULL,NULL,NULL,NULL,NULL,NULL,98,94),(917,NULL,NULL,NULL,NULL,NULL,NULL,98,93),(918,NULL,NULL,NULL,NULL,NULL,NULL,98,92),(919,NULL,NULL,NULL,NULL,NULL,NULL,98,91),(920,NULL,NULL,NULL,NULL,NULL,NULL,98,90),(921,NULL,NULL,NULL,NULL,NULL,NULL,98,89),(922,NULL,NULL,NULL,NULL,NULL,NULL,98,88);
/*!40000 ALTER TABLE `socialanalysis` ENABLE KEYS */;
UNLOCK TABLES;

--
-- Table structure for table `student`
--

DROP TABLE IF EXISTS `student`;
/*!40101 SET @saved_cs_client     = @@character_set_client */;
/*!40101 SET character_set_client = utf8 */;
CREATE TABLE `student` (
  `idsubject` int(11) NOT NULL AUTO_INCREMENT,
  `name` varchar(100) DEFAULT NULL,
  `age` int(11) DEFAULT NULL,
  `gender` varchar(45) DEFAULT NULL,
  `code` varchar(45) DEFAULT NULL,
  `test_idtest` int(11) DEFAULT NULL,
  `evaluator_idevaluator` int(11) DEFAULT NULL,
  `group_idgroup` int(11) DEFAULT NULL,
  `iduser` int(11) NOT NULL,
  PRIMARY KEY (`idsubject`),
  KEY `fk_subject_test1_idx` (`test_idtest`),
  KEY `fk_student_evaluator1_idx` (`evaluator_idevaluator`),
  KEY `fk_student_class1_idx` (`group_idgroup`),
  KEY `fk_student_1_idx` (`iduser`),
  CONSTRAINT `fk_student_1` FOREIGN KEY (`iduser`) REFERENCES `user` (`iduser`) ON DELETE NO ACTION ON UPDATE NO ACTION,
  CONSTRAINT `fk_student_class1` FOREIGN KEY (`group_idgroup`) REFERENCES `studentgroup` (`idgroup`) ON DELETE NO ACTION ON UPDATE NO ACTION,
  CONSTRAINT `fk_student_evaluator1` FOREIGN KEY (`evaluator_idevaluator`) REFERENCES `evaluator` (`idevaluator`) ON DELETE NO ACTION ON UPDATE NO ACTION,
  CONSTRAINT `fk_subject_test1` FOREIGN KEY (`test_idtest`) REFERENCES `test` (`idtest`) ON DELETE NO ACTION ON UPDATE NO ACTION
) ENGINE=InnoDB AUTO_INCREMENT=99 DEFAULT CHARSET=utf8;
/*!40101 SET character_set_client = @saved_cs_client */;

--
-- Dumping data for table `student`
--

LOCK TABLES `student` WRITE;
/*!40000 ALTER TABLE `student` DISABLE KEYS */;
INSERT INTO `student` VALUES (63,'chocolate',17,'Masculino','12F',8,70,7,67),(64,'snow',17,'Masculino','12D',8,71,7,68),(65,'tomato',17,'Masculino','12F',8,72,7,69),(66,'grey',17,'Masculino','12D',8,73,7,70),(67,'slategrey',17,'Masculino','12F',8,74,7,71),(68,'aliceblue',17,'Feminino','12D',8,75,7,72),(69,'hotpink',17,'Feminino','12F',8,76,7,73),(70,'Orange',17,'Feminino','12D',8,77,7,74),(71,'orchid',17,'Feminino','12F',8,78,7,75),(72,'beige',17,'Feminino','12D',8,79,7,76),(73,'crimson',17,'Masculino','12F',8,80,7,77),(74,'aqua',17,'Feminino','12D',8,81,7,78),(75,'gold',17,'Masculino','12F',8,82,7,79),(76,'cyan',17,'Feminino','12D',8,83,7,80),(77,'darkgrey',17,'Masculino','12F',8,84,7,81),(78,'khaki',17,'Feminino','12D',8,85,7,82),(79,'ice blue',17,'Feminino','12F',8,86,7,83),(80,'red',17,'Masculino','12D',8,87,7,84),(81,'rose',17,'Feminino','12F',8,88,7,85),(82,'white',17,'Feminino','12D',8,89,7,86),(83,'ghostwhite',17,'Feminino','12F',8,90,7,87),(84,'Pink',17,'Feminino','12D',8,91,7,88),(85,'silver',17,'Masculino','12F',8,92,7,89),(86,'magenta',17,'Feminino','12D',8,93,7,90),(87,'mintcream',17,'Feminino','12F',8,94,7,91),(88,'lightblue',17,'Masculino','12D',8,95,7,92),(89,'stateblue',17,'Masculino','12F',8,96,7,93),(90,'Yellow',17,'Feminino','12D',8,97,7,94),(91,'firebrick',17,'Masculino','12F',8,98,7,95),(92,'indigo',17,'Masculino','12D',8,99,7,96),(93,'skyblue',17,'Masculino','12F',8,100,7,97),(94,'coral',17,'Feminino','12D',8,101,7,98),(95,'salmon',17,'Feminino','12D',8,102,7,99),(96,'green',17,'Feminino','12D',8,103,7,100),(97,'goldenrod',17,'Masculino','12D',8,104,7,101),(98,'antiquewhite',17,'Feminino','12D',8,105,7,102);
/*!40000 ALTER TABLE `student` ENABLE KEYS */;
UNLOCK TABLES;

--
-- Table structure for table `studentgroup`
--

DROP TABLE IF EXISTS `studentgroup`;
/*!40101 SET @saved_cs_client     = @@character_set_client */;
/*!40101 SET character_set_client = utf8 */;
CREATE TABLE `studentgroup` (
  `idgroup` int(11) NOT NULL AUTO_INCREMENT,
  `description` varchar(45) DEFAULT NULL,
  `year` varchar(45) DEFAULT NULL,
  `school` varchar(45) DEFAULT NULL,
  PRIMARY KEY (`idgroup`)
) ENGINE=InnoDB AUTO_INCREMENT=8 DEFAULT CHARSET=utf8;
/*!40101 SET character_set_client = @saved_cs_client */;

--
-- Dumping data for table `studentgroup`
--

LOCK TABLES `studentgroup` WRITE;
/*!40000 ALTER TABLE `studentgroup` DISABLE KEYS */;
INSERT INTO `studentgroup` VALUES (7,'GrupoDalila','2017',NULL);
/*!40000 ALTER TABLE `studentgroup` ENABLE KEYS */;
UNLOCK TABLES;

--
-- Table structure for table `test`
--

DROP TABLE IF EXISTS `test`;
/*!40101 SET @saved_cs_client     = @@character_set_client */;
/*!40101 SET character_set_client = utf8 */;
CREATE TABLE `test` (
  `idtest` int(11) NOT NULL AUTO_INCREMENT,
  `description` varchar(45) DEFAULT NULL,
  `professor_idprofessor` int(11) NOT NULL,
  `locale` varchar(45) DEFAULT NULL,
  `date` datetime DEFAULT NULL,
  PRIMARY KEY (`idtest`),
  KEY `fk_test_professor1_idx` (`professor_idprofessor`),
  CONSTRAINT `fk_test_professor1` FOREIGN KEY (`professor_idprofessor`) REFERENCES `professor` (`idprofessor`) ON DELETE NO ACTION ON UPDATE NO ACTION
) ENGINE=InnoDB AUTO_INCREMENT=9 DEFAULT CHARSET=utf8;
/*!40101 SET character_set_client = @saved_cs_client */;

--
-- Dumping data for table `test`
--

LOCK TABLES `test` WRITE;
/*!40000 ALTER TABLE `test` DISABLE KEYS */;
INSERT INTO `test` VALUES (8,'Test photoshop - Dalila',7,'pt','2017-02-06 16:21:59');
/*!40000 ALTER TABLE `test` ENABLE KEYS */;
UNLOCK TABLES;

--
-- Table structure for table `test_has_question`
--

DROP TABLE IF EXISTS `test_has_question`;
/*!40101 SET @saved_cs_client     = @@character_set_client */;
/*!40101 SET character_set_client = utf8 */;
CREATE TABLE `test_has_question` (
  `idtest_has_question` int(11) NOT NULL AUTO_INCREMENT,
  `test_idtest` int(11) NOT NULL,
  `question_idquestion` int(11) NOT NULL,
  `score` int(11) DEFAULT NULL,
  `usesStressors` int(11) DEFAULT NULL,
  PRIMARY KEY (`idtest_has_question`),
  KEY `fk_test_has_question_question1_idx` (`question_idquestion`),
  KEY `fk_test_has_question_test_idx` (`test_idtest`),
  CONSTRAINT `fk_test_has_question_1` FOREIGN KEY (`test_idtest`) REFERENCES `test` (`idtest`) ON DELETE NO ACTION ON UPDATE NO ACTION,
  CONSTRAINT `fk_test_has_question_2` FOREIGN KEY (`question_idquestion`) REFERENCES `question` (`idquestion`) ON DELETE NO ACTION ON UPDATE NO ACTION
) ENGINE=InnoDB AUTO_INCREMENT=8 DEFAULT CHARSET=utf8;
/*!40101 SET character_set_client = @saved_cs_client */;

--
-- Dumping data for table `test_has_question`
--

LOCK TABLES `test_has_question` WRITE;
/*!40000 ALTER TABLE `test_has_question` DISABLE KEYS */;
INSERT INTO `test_has_question` VALUES (5,8,9,10,0),(6,8,10,10,1),(7,8,11,10,1);
/*!40000 ALTER TABLE `test_has_question` ENABLE KEYS */;
UNLOCK TABLES;

--
-- Table structure for table `user`
--

DROP TABLE IF EXISTS `user`;
/*!40101 SET @saved_cs_client     = @@character_set_client */;
/*!40101 SET character_set_client = utf8 */;
CREATE TABLE `user` (
  `iduser` int(11) NOT NULL AUTO_INCREMENT,
  `username` varchar(45) DEFAULT NULL,
  `password` varchar(65) DEFAULT NULL,
  `isActive` binary(1) DEFAULT NULL,
  `email` varchar(45) DEFAULT NULL,
  `role_idroles` int(11) DEFAULT NULL,
  PRIMARY KEY (`iduser`),
  KEY `fk_user_role1_idx` (`role_idroles`),
  CONSTRAINT `fk_user_role1` FOREIGN KEY (`role_idroles`) REFERENCES `role` (`idroles`) ON DELETE NO ACTION ON UPDATE NO ACTION
) ENGINE=InnoDB AUTO_INCREMENT=103 DEFAULT CHARSET=utf8;
/*!40101 SET character_set_client = @saved_cs_client */;

--
-- Dumping data for table `user`
--

LOCK TABLES `user` WRITE;
/*!40000 ALTER TABLE `user` DISABLE KEYS */;
INSERT INTO `user` VALUES (66,'teacher2017','$2y$13$0vLrg2yl3BWoeVW.eMzlJumfYxDIZCysAH0TgkPedQeL8gHLsUv8e','1',NULL,NULL),(67,'12618000','$2y$13$WB5RL0trnfq1R1cBiBIrQeg9aWKLe4.a2PcxYWg6ICmq8eN8fq9V6','1',NULL,NULL),(68,'12422000','$2y$13$38RQ5I39.VuOumh5d0REu.DwxVZ.8ikB0vznRpXqwty1HOqw1V4dy','1',NULL,NULL),(69,'12627000','$2y$13$/GupxZ6S7Hi7vNNt0paMCeF0X94uCyuUUY./YxS2rQWONl.2fFXhK','1',NULL,NULL),(70,'12421000','$2y$13$Ob.8hMKpu89z96SV9uqQGuxuP1g7NXlqyPBfAQ9dE1PE8UNcC9jS.','1',NULL,NULL),(71,'12621000','$2y$13$rlHjbz1jYCA4AAIVOyxeKuZqt7FTGph44PIVh0Jc5E8svHzxtz5cC','1',NULL,NULL),(72,'12401000','$2y$13$JI5GjYJIx0JUg5pbK.CmYOeJ3esmu2GXG.cISVM0.mfnMivLWPEju','1',NULL,NULL),(73,'12606000','$2y$13$uVDfF8m/fwUP2HTtCcuJmOE/hZHaevorcocFQCmjyYDuJhyG4U6My','1',NULL,NULL),(74,'12410000','$2y$13$D..tv3tojTXvQP4SQDoJgeHfnCpPIgdabOQRmhRS9XvUA40w3r/li','1',NULL,NULL),(75,'12603000','$2y$13$sEIvynqJB0yr3V1YPdids.MJdy1raqIuGlRJ0rKZ/tUPteB0KnNC6','1',NULL,NULL),(76,'12407000','$2y$13$tn9mRmmofYnihjtpF321OeDPqa6xX8qIlKLSJxnMP0d5XuQNBqajK','1',NULL,NULL),(77,'12622000','$2y$13$e9ks2.UoSEgeXZ3zuSqPYu3nMqvkDjV7mR5QcdpLxrPiJ3nuiAHyG','1',NULL,NULL),(78,'12413000','$2y$13$Kwdb0.vLfWIwaWul/t/GM.Uy0LDu/IJki8HvTxFxDlOczuiuiWH56','1',NULL,NULL),(79,'12615000','$2y$13$Ii.FwMAzavn/Pq8wrsBsp.VxYSUW5OAqo8MZoUxUQCLuH2TEhVtL6','1',NULL,NULL),(80,'12419000','$2y$13$TyaGe6FwDklLuHEx5F0mU.H0vmCzjTObF6ESD3LB2MQ8XZUXCWm6.','1',NULL,NULL),(81,'12620000','$2y$13$cw3GUg83K5oKxZp9H7GW1uFLrX0lEYf/HMu7LcgrpnJh6asoe6OKK','1',NULL,NULL),(82,'12408000','$2y$13$SrDmhC/B5F.04TAq8S9UruVLj83FZn5DeTT6swCqu3PFfBW5v5wJK','1',NULL,NULL),(83,'12604000','$2y$13$byMtD7E1u0jPBRumB0E0N.oQNaSMWrA1F7Z1I5I1DMvzdsPhs3zAm','1',NULL,NULL),(84,'12420000','$2y$13$CLNrl5Vf1D.BK/1I8w7U8.uaZ6knl8Y1/6ZeFzSd0II7Oc1Sj5bIm','1',NULL,NULL),(85,'12605000','$2y$13$E3kublRObFKJkcdKgM24eea8eIBufuwrcoa5a3BFkSE0aXzNN8BLi','1',NULL,NULL),(86,'12404000','$2y$13$QhN8TcZGnvcd0rpMT2ggVusalBynJo/ic2Oo6ISsAagvcVFeISMee','1',NULL,NULL),(87,'12601000','$2y$13$CN2XbtaCcLcfZmGqDxG3G.dOxmynquXU05l20u5Zjt6Jl9JDKv9mi','1',NULL,NULL),(88,'12403000','$2y$13$qH2x5sEJAA3uNoPWVQyq0OghXdjWk7v6a.wLmUmWsTFdVQorwyjRu','1',NULL,NULL),(89,'12616000','$2y$13$MCdwWIMhtedy5zRWVHa7m.5zx64tEm4pxFrJDWXnOsUNqVZfBuO06','1',NULL,NULL),(90,'12405000','$2y$13$kAczKCgEjq/1ZDaDtDUQWe6oLUG7dalaNzjb67QW3PeirUcBH6P86','1',NULL,NULL),(91,'12602000','$2y$13$4/CojlPzxoebYXZTgc9RR.baBlC4qdWW7/aTUWqL6Wljj2hut8Tgi','1',NULL,NULL),(92,'12427000','$2y$13$e6/d8NxF7rG6VE1.HAQjEOqJlkKkgbLRHT5O02o3fSMBFXn.zb8Gi','1',NULL,NULL),(93,'12617000','$2y$13$BkKliBOdVnkQcCPXRjDbEO1.E7f4BSEiJv9R8kV0IRyP5/SUHJyVi','1',NULL,NULL),(94,'12406000','$2y$13$9uxKD/VRD6dpj.nxyp8gwuScw9qwG6A62/TzlBdHG2KzMsAIUipOC','1',NULL,NULL),(95,'12628000','$2y$13$sCg6kq.17O3.JLM.pAq8au0CQnr15h8jWW8ambwZXg5lxdTJH4EGW','1',NULL,NULL),(96,'12426000','$2y$13$kA8kr7VShrTMg9eXyEJdH.gxh7UJHqMNGwBqX5bJPqD1ATcGVpgka','1',NULL,NULL),(97,'12619000','$2y$13$g3Vrs6QbXlvVqlwxXUDg3uw13bPmWZLuF5Npmn8pkJ.oe2K2MxoLO','1',NULL,NULL),(98,'12412000','$2y$13$bym/NG2oUGKgIeGyJoOfBe82IGYZF.4MAhGJ1R8GIp1CxTGG754He','1',NULL,NULL),(99,'12402000','$2y$13$5A7YNacaDDv7GMvwoZe2cOAbU601DAQo3o0L0tov4AfYHNgSRdU.q','1',NULL,NULL),(100,'12409000','$2y$13$lcAJ/zlDyayDuUEhgn1rQevgPU..bWdeUg3M6ko/vb3/W00J.F8ky','1',NULL,NULL),(101,'12428000','$2y$13$r9q6GyE2J8e2zEgeBfSbhubtmXxr.26v/v02b01x41iUCZJy/b4Ly','1',NULL,NULL),(102,'12414000','$2y$13$YhIkTIzm00bXgZQvjHXR4e9qXZtsD7R.YC10xmNl5kIePG49uhdtC','1',NULL,NULL);
/*!40000 ALTER TABLE `user` ENABLE KEYS */;
UNLOCK TABLES;
/*!40103 SET TIME_ZONE=@OLD_TIME_ZONE */;

/*!40101 SET SQL_MODE=@OLD_SQL_MODE */;
/*!40014 SET FOREIGN_KEY_CHECKS=@OLD_FOREIGN_KEY_CHECKS */;
/*!40014 SET UNIQUE_CHECKS=@OLD_UNIQUE_CHECKS */;
/*!40101 SET CHARACTER_SET_CLIENT=@OLD_CHARACTER_SET_CLIENT */;
/*!40101 SET CHARACTER_SET_RESULTS=@OLD_CHARACTER_SET_RESULTS */;
/*!40101 SET COLLATION_CONNECTION=@OLD_COLLATION_CONNECTION */;
/*!40111 SET SQL_NOTES=@OLD_SQL_NOTES */;

-- Dump completed on 2017-02-06 16:23:57
